image_id,canonical_split,image_path,mask_path,image_width,image_height,image_mode,mask_width,mask_height,mask_mode,image_format,image_file_size_bytes,mask_file_size_bytes,image_sha256,mask_sha256,n_gland_instances,grade_label,dimensions_match,n_fragmented_instances,anomaly_flags,stage3_include,stage3_exclusion_reasons,stage3_expected_patch_count
testA_1,testA,data\glas\Warwick_QU_Dataset\testA_1.bmp,data\glas\Warwick_QU_Dataset\testA_1_anno.bmp,775,522,RGB,775,522,L,BMP,1215270,406150,c04cb3545b9e2dfd36a127288f251f0f6fc6d636688c911090184e431e07db07,97d1db916c5cbc0fce40436225877453c39e265ebd1b791261e1c642b6d1bec0,9,0,True,0,[],True,[],35
testA_10,testA,data\glas\Warwick_QU_Dataset\testA_10.bmp,data\glas\Warwick_QU_Dataset\testA_10_anno.bmp,775,522,RGB,775,522,L,BMP,1215270,406150,d67742060def556ad45fefe53fc64bbbe63e3d8b566c86c5b0d580f8d3db580b,7337803cf3c449ff3bfb41ee44e365b9d25cd57ffb20e839fd100aa6935ecd77,31,0,True,0,[],True,[],35
testA_11,testA,data\glas\Warwick_QU_Dataset\testA_11.bmp,data\glas\Warwick_QU_Dataset\testA_11_anno.bmp,775,522,RGB,775,522,L,BMP,1215270,406150,ee0aedb2fa62f1df215eededed9e55ffda54de1a76ab9691904e362c845e04bb,9947e3cbab37b2b96f1593067607824993b3f475fb6bfd89a3a7ff0977763f58,4,0,True,0,[],True,[],35
testA_12,testA,data\glas\Warwick_QU_Dataset\testA_12.bmp,data\glas\Warwick_QU_Dataset\testA_12_anno.bmp,775,522,RGB,775,522,L,BMP,1215270,406150,547477d17b08b814f6a061ceb4377f5a3e5ba55cb4fe23c27e9f44d67b9a92bb,5617c5232ae67e390916fcd9d30a4c37fedde6aeb99273aecea8365293942406,8,1,True,0,[],True,[],35
testA_13,testA,data\glas\Warwick_QU_Dataset\testA_13.bmp,data\glas\Warwick_QU_Dataset\testA_13_anno.bmp,775,522,RGB,775,522,L,BMP,1215270,406150,eac34188cf4d328ad7dc5806283e7aa2b9a997c4df17dfd4904ff16856a791b2,fd9123979ef896e5dfd8e095e5a3790969e4cf46b54616f0ff3bd5c9b27931c4,8,1,True,0,[],True,[],35
testA_14,testA,data\glas\Warwick_QU_Dataset\testA_14.bmp,data\glas\Warwick_QU_Dataset\testA_14_anno.bmp,775,522,RGB,775,522,L,BMP,1215270,406150,1d757ad21fb7837507efb5a0d47dd744ace66a9951a8d2c5a6bc2f7c0916f7f0,dce84910d4e14ddf385d55cd9926d6da06933b904da23ef14321b0cb889eaf67,5,1,True,0,[],True,[],35
testA_15,testA,data\glas\Warwick_QU_Dataset\testA_15.bmp,data\glas\Warwick_QU_Dataset\testA_15_anno.bmp,775,522,RGB,775,522,L,BMP,1215270,406150,709a4c4491ee6bb405af8278324e0fafc0984315fc581bcb8458eaf11d026c3d,f6122d0e81c5c732c1ea5fc310a68128d769efe7c4bd217ce4cdee711fac0913,6,1,True,0,[],True,[],35
testA_16,testA,data\glas\Warwick_QU_Dataset\testA_16.bmp,data\glas\Warwick_QU_Dataset\testA_16_anno.bmp,581,442,RGB,581,442,L,BMP,770902,259206,0c65e38e49e72c4270720894e844abcacf593f99e980812ffd7dae72a14cfc2e,66041108bdf19ad32cd0d4ebde6c8a45559daaad7fa0a7111401f2274c9a52de,5,1,True,0,[],True,[],20
testA_17,testA,data\glas\Warwick_QU_Dataset\testA_17.bmp,data\glas\Warwick_QU_Dataset\testA_17_anno.bmp,775,522,RGB,775,522,L,BMP,1215270,406150,2313165b7acf47e8d24d34eb45874f0ba90d36fd90105cf9c499d845cc31f4e8,f2633518534670216497efc8cde5fbeefca453930a3f1ac1d634efbec4727ba5,7,1,True,0,[],True,[],35
testA_18,testA,data\glas\Warwick_QU_Dataset\testA_18.bmp,data\glas\Warwick_QU_Dataset\testA_18_anno.bmp,775,522,RGB,775,522,L,BMP,1215270,406150,3526352228f11da95c881e35feeb1475ac266f809307f64b554547d875c384f0,17b1aa34dc9937e6e4a55a804d610bf613254a44a11097d30855a8e682ce2f75,20,0,True,0,[],True,[],35
testA_19,testA,data\glas\Warwick_QU_Dataset\testA_19.bmp,data\glas\Warwick_QU_Dataset\testA_19_anno.bmp,775,522,RGB,775,522,L,BMP,1215270,406150,1348d59537dd9c4ba15c4dd65686d659a0be70f7a9b92ddbaea04417352bd33e,3b27acb4868e6d3afe2b7409f1dca13ae178ac36fbe3894b32c6005a14635592,32,0,True,0,[],True,[],35
testA_2,testA,data\glas\Warwick_QU_Dataset\testA_2.bmp,data\glas\Warwick_QU_Dataset\testA_2_anno.bmp,589,453,RGB,589,453,L,BMP,800958,269254,5a2213829b6c56e1367977a66761f552b4cd2a65ff39bfa7c71cd79136ee5244,33643dc7a298f33d8b636c02fc30b32746ebfaddc2e35b4985984168f285ab49,2,0,True,0,[],True,[],20
testA_20,testA,data\glas\Warwick_QU_Dataset\testA_20.bmp,data\glas\Warwick_QU_Dataset\testA_20_anno.bmp,775,522,RGB,775,522,L,BMP,1215270,406150,110a7cd3ad748f3d69e8920945955309fbc11ab2510c2811fc9927992a761c1b,c3b907aea1f5917880efff7bb9114f28b6c38f9476832de50915044f9c8354ce,5,0,True,0,[],True,[],35
testA_21,testA,data\glas\Warwick_QU_Dataset\testA_21.bmp,data\glas\Warwick_QU_Dataset\testA_21_anno.bmp,775,522,RGB,775,522,L,BMP,1215270,406150,66a45dabc5a5f826d2311e26015b4951d9fca6d81642ae969e1238240da49715,0ffee4d3cc440f90625ed430c46d828ff31a02b752fb94fe899db529137f2f8f,14,0,True,0,[],True,[],35
testA_22,testA,data\glas\Warwick_QU_Dataset\testA_22.bmp,data\glas\Warwick_QU_Dataset\testA_22_anno.bmp,775,522,RGB,775,522,L,BMP,1215270,406150,4e2a47c488a29dbca1e9db2be39dac53d53251d80e0a88587e40141726b6dd2c,a00f425748bdfc61fb9b4c7ce935196ff551455a3d0559aa01f710fd4eeecbea,7,1,True,0,[],True,[],35
testA_23,testA,data\glas\Warwick_QU_Dataset\testA_23.bmp,data\glas\Warwick_QU_Dataset\testA_23_anno.bmp,775,522,RGB,775,522,L,BMP,1215270,406150,c1ba71d54c2fa587709c5f71bb42d44056655abff2a13d29cd5ca8a567a1072b,c5df8935f68afc1b40d460bc92888842a82a9fd942905b92b1f36c8ea32b0496,8,1,True,0,[],True,[],35
testA_24,testA,data\glas\Warwick_QU_Dataset\testA_24.bmp,data\glas\Warwick_QU_Dataset\testA_24_anno.bmp,775,522,RGB,775,522,L,BMP,1215270,406150,881948fd4748be26792cb4737ce8c9f1fd91abd1289db31ac114ef767ad40184,69a8d1354bb2a6767f4df446662eb40983e4efb871aec913ba9c8f8b60909d2a,11,1,True,0,[],True,[],35
testA_25,testA,data\glas\Warwick_QU_Dataset\testA_25.bmp,data\glas\Warwick_QU_Dataset\testA_25_anno.bmp,775,522,RGB,775,522,L,BMP,1215270,406150,2d001ba97b2a9dd24c584bca785a4473eeb459bfac4054f3a51cf3d85c14d446,9c8582898d5b32f7afbb385b31c3687c80ee6072decca1f3d85e1601b4125a0a,19,0,True,0,[],True,[],35
testA_26,testA,data\glas\Warwick_QU_Dataset\testA_26.bmp,data\glas\Warwick_QU_Dataset\testA_26_anno.bmp,775,522,RGB,775,522,L,BMP,1215270,406150,4268f898bfdbfff94e2de8c6045466f50ad01b6431af7d07b1adf1c3c22994e7,399e925d3b17901406f26bee304bf792e9398350567a5fdd07f417074ad1c103,3,1,True,0,[],True,[],35
testA_27,testA,data\glas\Warwick_QU_Dataset\testA_27.bmp,data\glas\Warwick_QU_Dataset\testA_27_anno.bmp,775,522,RGB,775,522,L,BMP,1215270,406150,0e95eb6ad621b18b581ab6c58cc6f6f76eeb5f611c9a89f2be742f885be0fc0d,2498b704593bbd4a68a973bba9fbcd5e13bdaaca56afee14b90eb05aa0a4b963,31,0,True,0,[],True,[],35
testA_28,testA,data\glas\Warwick_QU_Dataset\testA_28.bmp,data\glas\Warwick_QU_Dataset\testA_28_anno.bmp,775,522,RGB,775,522,L,BMP,1215270,406150,92ed3b6c9533178beffdbae3465ca82cd6c1fe43c28720beccaaac2c886e88d4,578f1be9ed01c090fabe3a775eeca2b85a9890de8ca9950385e52c8a063ee9c2,28,0,True,0,[],True,[],35
testA_29,testA,data\glas\Warwick_QU_Dataset\testA_29.bmp,data\glas\Warwick_QU_Dataset\testA_29_anno.bmp,775,522,RGB,775,522,L,BMP,1215270,406150,4df50bc6fb21d67a6b345beaf5d9dfc89db151cb8b4c1aa355baec130ede7c36,db25b31d4418b4a4ad57607bbe585386f9db68258fc9ef5f73d2cba6f46e1941,7,1,True,0,[],True,[],35
testA_3,testA,data\glas\Warwick_QU_Dataset\testA_3.bmp,data\glas\Warwick_QU_Dataset\testA_3_anno.bmp,581,442,RGB,581,442,L,BMP,770902,259206,f94effabaa097ba117765ce5ffa2f7478b4ef74e9ee7445aeae0586cb4d8d723,c9b401332223d6d13ed8dc31c4f600744b78f297daf47b36a09e0334522d2ad7,3,1,True,0,[],True,[],20
testA_30,testA,data\glas\Warwick_QU_Dataset\testA_30.bmp,data\glas\Warwick_QU_Dataset\testA_30_anno.bmp,775,522,RGB,775,522,L,BMP,1215270,406150,fd31021231724d1f0ec386c46d6611753252906e6e4b133804cb7de1377b1fbf,dac3c7fff113fbcbfd752d0c3aebba6710674ed3de7ebfeb36332488424e351d,10,0,True,0,[],True,[],35
testA_31,testA,data\glas\Warwick_QU_Dataset\testA_31.bmp,data\glas\Warwick_QU_Dataset\testA_31_anno.bmp,775,522,RGB,775,522,L,BMP,1215270,406150,787f431dc0422873edea74ab35df7b61fac7c37ddf7cc7a579de5a8f70b43212,a237f48fda3cf9a1af4ae4f46316c91cb85b66a0cc85359f56822f6e3f6ac0bd,5,0,True,0,[],True,[],35
testA_32,testA,data\glas\Warwick_QU_Dataset\testA_32.bmp,data\glas\Warwick_QU_Dataset\testA_32_anno.bmp,775,522,RGB,775,522,L,BMP,1215270,406150,780ac97234bc77c5651f58d1a53785ad62f3168adac09fd6c44d90a6a8b8eedb,4d0954ca9db4d57d984f477cb18f1e8ad5b4e5f0f867538f69056a827ef8a326,9,1,True,0,[],True,[],35
testA_33,testA,data\glas\Warwick_QU_Dataset\testA_33.bmp,data\glas\Warwick_QU_Dataset\testA_33_anno.bmp,775,522,RGB,775,522,L,BMP,1215270,406150,1267d3c08da2fde43cc4ee8ef756db5377550309ae90ee66ba422e4a053ce815,acc644c0c6df4eec017afa408450a879ff469798b9af1b543b7bb4821ab8282e,12,0,True,0,[],True,[],35
testA_34,testA,data\glas\Warwick_QU_Dataset\testA_34.bmp,data\glas\Warwick_QU_Dataset\testA_34_anno.bmp,775,522,RGB,775,522,L,BMP,1215270,406150,14d527d96467eddd407ac12669a654beb37351d32255e4b7995a2de7aead2a9b,a760207f0018ae0c46396f05e39190bbae5cef680f515cc7027cd93a31f3e16e,8,1,True,0,[],True,[],35
testA_35,testA,data\glas\Warwick_QU_Dataset\testA_35.bmp,data\glas\Warwick_QU_Dataset\testA_35_anno.bmp,589,453,RGB,589,453,L,BMP,800958,269254,9f97b9ccf67ad14e2737b779fd2225170ca854643e8751960a45efaf4c6d569b,b403a6f2bdfc4744f39372cfb9a780cbfe2956da21c828fe4dc323799c7aaf31,17,0,True,0,[],True,[],20
testA_36,testA,data\glas\Warwick_QU_Dataset\testA_36.bmp,data\glas\Warwick_QU_Dataset\testA_36_anno.bmp,775,522,RGB,775,522,L,BMP,1215270,406150,92a538e26550f549eb80cc0827200cba284df9de4feb55b849b8b55ec46d8f74,09b4a71b635dd268726c9823ddb6205ff4b9acbcb69c0b787f80d17692c8e7fc,18,0,True,0,[],True,[],35
testA_37,testA,data\glas\Warwick_QU_Dataset\testA_37.bmp,data\glas\Warwick_QU_Dataset\testA_37_anno.bmp,775,522,RGB,775,522,L,BMP,1215270,406150,dba777643c9e9d9902b50506bbec6eaad28c06381c9ac637b8caa17f12024468,9cb05378dc02f592fee867dbfa804ef010cbfa2554e36e8418c8974fd83c5c3a,7,0,True,0,[],True,[],35
testA_38,testA,data\glas\Warwick_QU_Dataset\testA_38.bmp,data\glas\Warwick_QU_Dataset\testA_38_anno.bmp,775,522,RGB,775,522,L,BMP,1215270,406150,3608f38bbd079052b8a01084f7d90c3e375ae6a0435893feb581d458cb799a10,e1585cefae5f7c4d0b83716fe1909eb0777fe8f67d366d01efa2519a9e7c2e90,1,1,True,0,[],True,[],35
testA_39,testA,data\glas\Warwick_QU_Dataset\testA_39.bmp,data\glas\Warwick_QU_Dataset\testA_39_anno.bmp,775,522,RGB,775,522,L,BMP,1215270,406150,22543279896237410718d1a74bcf7e24c5041c9444132a83bcdf0a6f34b061d2,2947ea16b1da45d3f0b3508b036fad651cbb9c749f72d5b226cca66ad5a2129b,3,1,True,0,[],True,[],35
testA_4,testA,data\glas\Warwick_QU_Dataset\testA_4.bmp,data\glas\Warwick_QU_Dataset\testA_4_anno.bmp,775,522,RGB,775,522,L,BMP,1215270,406150,04b7e1911fb707ceaea149a36844c49054dab3684fb619985401fa13fd4af7c0,402719e2230e7d54c79eddc49978b35fbf89b397695b712fa40494d3d533f2ff,5,0,True,0,[],True,[],35
testA_40,testA,data\glas\Warwick_QU_Dataset\testA_40.bmp,data\glas\Warwick_QU_Dataset\testA_40_anno.bmp,775,522,RGB,775,522,L,BMP,1215270,406150,466b29b4b65985212c3a255cb30a165726fdf1f7df25d79e3fda0f73471b2df1,2a1bab1325b1f7a286c30be376d8e9e29f3180d7cd26c2f6e1a2014feb614029,25,0,True,0,[],True,[],35
testA_41,testA,data\glas\Warwick_QU_Dataset\testA_41.bmp,data\glas\Warwick_QU_Dataset\testA_41_anno.bmp,775,522,RGB,775,522,L,BMP,1215270,406150,02dafb4b1f8983b824b342178dda6b3988b3c6828970ae9eb2a9e73e3b1c21d0,36129ed5e4a18648f0e09dd71077a0ec4d262f1eac86936cef76f8ad290d86ba,6,1,True,0,[],True,[],35
testA_42,testA,data\glas\Warwick_QU_Dataset\testA_42.bmp,data\glas\Warwick_QU_Dataset\testA_42_anno.bmp,775,522,RGB,775,522,L,BMP,1215270,406150,84c0e9e1fc956347ab7d8022fc8e245b7e769f5b938fcae653780ba0b4cb667f,6eb62cf8cd1b38765d04121c42957ed91a5a2e410bd3837db4d9a030723a4d14,3,1,True,0,[],True,[],35
testA_43,testA,data\glas\Warwick_QU_Dataset\testA_43.bmp,data\glas\Warwick_QU_Dataset\testA_43_anno.bmp,589,453,RGB,589,453,L,BMP,800958,269254,12fc593d4f524ffcc36eea3c8dd80e5bc9fa31c3d4f74746c22f47ed3ecd88d2,300e6c9608450e33e5fb3a2e445bf14321cd9dabfd6d1e6b41c3bc7a6c84fce0,22,0,True,0,[],True,[],20
testA_44,testA,data\glas\Warwick_QU_Dataset\testA_44.bmp,data\glas\Warwick_QU_Dataset\testA_44_anno.bmp,589,453,RGB,589,453,L,BMP,800958,269254,ba0c726525d915237df2334dc11e7d10f7317c3c0e67ad9110633a4a84c1348d,bc363509969bcfe1b3cde8d1bb2b4a4ee6cfcde81a9a2494f7f4f2b57ec3ce64,8,0,True,0,[],True,[],20
testA_45,testA,data\glas\Warwick_QU_Dataset\testA_45.bmp,data\glas\Warwick_QU_Dataset\testA_45_anno.bmp,578,433,RGB,578,433,L,BMP,751742,252218,5cc9e7bafad307f25147ebec51a4e23b8ca0312f78b8a2e6983fc5ee589ec7fe,fc6692c8cf09ca0e075fda42e50f99e630a1e5b88cb770d1877ab266c43fdcae,6,1,True,0,[],True,[],20
testA_46,testA,data\glas\Warwick_QU_Dataset\testA_46.bmp,data\glas\Warwick_QU_Dataset\testA_46_anno.bmp,775,522,RGB,775,522,L,BMP,1215270,406150,bc02c33bf6ee7909b30d4962584d23a5165dfe9b0b6b73957f371c574b9ce3f5,a179abfe545a4029aa6ba7b9cd42c0ada1dfed2b870eb5933074a05f71266ae0,17,0,True,0,[],True,[],35
testA_47,testA,data\glas\Warwick_QU_Dataset\testA_47.bmp,data\glas\Warwick_QU_Dataset\testA_47_anno.bmp,775,522,RGB,775,522,L,BMP,1215270,406150,683eaf1811a459fc7bac817c315a3db6a9235fdd46200dce2bc75e62c115351f,676660674c39b300389beb882217f63dfaab0ce970979f4d185d7c35c171da9d,7,1,True,0,[],True,[],35
testA_48,testA,data\glas\Warwick_QU_Dataset\testA_48.bmp,data\glas\Warwick_QU_Dataset\testA_48_anno.bmp,775,522,RGB,775,522,L,BMP,1215270,406150,b06d9c43f779aba12a6b08c6035125bbb26fdf807bdb82f0d5a0d14241bc8439,c294c4d452d67eb050f300364b915d5b2d43e234f7c2b81a1418afe3eb40ff8a,10,1,True,0,[],True,[],35
testA_49,testA,data\glas\Warwick_QU_Dataset\testA_49.bmp,data\glas\Warwick_QU_Dataset\testA_49_anno.bmp,775,522,RGB,775,522,L,BMP,1215270,406150,636d724a53b1b47c371056c7577217b106f4ca5c3337966049b61ae124e2cce3,c431d75f0996a03846695bb27d27be24c8447f9db0ed0976dd380f07a7fab2cf,8,0,True,0,[],True,[],35
testA_5,testA,data\glas\Warwick_QU_Dataset\testA_5.bmp,data\glas\Warwick_QU_Dataset\testA_5_anno.bmp,775,522,RGB,775,522,L,BMP,1215270,406150,213b8d8fabce6d1c9d5f11dfe3f78672bdd343b4b901479834c5d27793104532,29dcfab890d799311558e37e34de284c285c643506d9378c2af1754197a4fd0d,22,0,True,0,[],True,[],35
testA_50,testA,data\glas\Warwick_QU_Dataset\testA_50.bmp,data\glas\Warwick_QU_Dataset\testA_50_anno.bmp,574,433,RGB,574,433,L,BMP,746546,250486,2d41823fa774177a743bd09ff79e2627283da652fae58c2757c41b017edcce3b,57445f12881a37ffbbf91e5459bd836c7d46d3818ff77150025e196bbae8c001,12,0,True,0,[],True,[],20
testA_51,testA,data\glas\Warwick_QU_Dataset\testA_51.bmp,data\glas\Warwick_QU_Dataset\testA_51_anno.bmp,775,522,RGB,775,522,L,BMP,1215270,406150,b568d94efd946d2dd20f3ab7e20864ebdb6b71dfef5a523912801e7dea00cdd4,3b66d832a3b7a42051ac63cb647ca31589e3aae0eb222a12cd59c07b1969d228,3,1,True,0,[],True,[],35
testA_52,testA,data\glas\Warwick_QU_Dataset\testA_52.bmp,data\glas\Warwick_QU_Dataset\testA_52_anno.bmp,775,522,RGB,775,522,L,BMP,1215270,406150,0e7f1b81eceb206d5e31cdbef324e86371ebf7546ae5eaa689eaf8137d520419,32ca685060c487c73952d9d68712ab6c0ded98b40c9a93c249af2746e5c712db,12,0,True,0,[],True,[],35
testA_53,testA,data\glas\Warwick_QU_Dataset\testA_53.bmp,data\glas\Warwick_QU_Dataset\testA_53_anno.bmp,775,522,RGB,775,522,L,BMP,1215270,406150,3247cfd256a9ac12278b4962f6f3db12f2b9c06d31a84d75f6ea97af6d57940c,3e589bfc438e3d265474881cc9ed4c63e1da4aff3c6034832200229fc01a7f0d,5,1,True,0,[],True,[],35
testA_54,testA,data\glas\Warwick_QU_Dataset\testA_54.bmp,data\glas\Warwick_QU_Dataset\testA_54_anno.bmp,775,522,RGB,775,522,L,BMP,1215270,406150,c2ae60e0260ea8ad69464499846f3ce1931192096ec24832ef9ff8831c5da3b5,fe816b52a18051d7dd4dfa01180a064ad5a0f9ea361b61470a5710be64f79fc1,24,0,True,0,[],True,[],35
testA_55,testA,data\glas\Warwick_QU_Dataset\testA_55.bmp,data\glas\Warwick_QU_Dataset\testA_55_anno.bmp,775,522,RGB,775,522,L,BMP,1215270,406150,0125c2f7d1ba3abc396e05968be472959fb288037fbf30a494b3301f510f6fad,81fd20f88148436864c7b1f2a5dc23f2914cf1717424bd097de586340f9be54d,14,0,True,0,[],True,[],35
testA_56,testA,data\glas\Warwick_QU_Dataset\testA_56.bmp,data\glas\Warwick_QU_Dataset\testA_56_anno.bmp,775,522,RGB,775,522,L,BMP,1215270,406150,4cdd8c508681d40405743bcb3f7ba56c8505c26ff6fdaf0479ddd99a2bd65157,0d9157887f25e796ba0632b18b837db94c4f461cf0988817de78732ea1d43e07,9,1,True,0,[],True,[],35
testA_57,testA,data\glas\Warwick_QU_Dataset\testA_57.bmp,data\glas\Warwick_QU_Dataset\testA_57_anno.bmp,775,522,RGB,775,522,L,BMP,1215270,406150,dd14dae9b902c0a11e3decbaee65735c7b54fb1dc39410772d7142363c075498,f2c319643a45b6e4b77fecba849f13e58b0ad00c0e489b9fa796d45519c96be8,8,1,True,0,[],True,[],35
testA_58,testA,data\glas\Warwick_QU_Dataset\testA_58.bmp,data\glas\Warwick_QU_Dataset\testA_58_anno.bmp,775,522,RGB,775,522,L,BMP,1215270,406150,930bb684aa72769910c3c762908a519e6a8dbca67454832fb153adeca4df90d4,f965e922f89a30f2380fbc72064cebb2b278de92a21d9bb160e04134ce7f4e8e,19,0,True,0,[],True,[],35
testA_59,testA,data\glas\Warwick_QU_Dataset\testA_59.bmp,data\glas\Warwick_QU_Dataset\testA_59_anno.bmp,775,522,RGB,775,522,L,BMP,1215270,406150,b030f2b1fa6a440a69650addbe517f0295e778ab34dbe60ee982a0abc1d71959,1d285b5b391f35d2c9b06dd5deaf2d9cc38dab59dc9505c2a387f19054099236,9,1,True,0,[],True,[],35
testA_6,testA,data\glas\Warwick_QU_Dataset\testA_6.bmp,data\glas\Warwick_QU_Dataset\testA_6_anno.bmp,775,522,RGB,775,522,L,BMP,1215270,406150,4ba0a52d676885f1ea4013ff674ee61e62b8f988a5d3f56b43d0f2b05a6eeae4,48ede68c14efbc4beeea8d05b9fa7a50d03c08e8228f0cebbcf131a7d7d480a6,6,0,True,0,[],True,[],35
testA_60,testA,data\glas\Warwick_QU_Dataset\testA_60.bmp,data\glas\Warwick_QU_Dataset\testA_60_anno.bmp,775,522,RGB,775,522,L,BMP,1215270,406150,7297a9447f05af55550170dec35babf5cc0b329ffd92b3398820e97d4ef8c79f,6cf1cbefc74930b3c764dd39a25170d46eb8e65dfdef768b48340ad5e18af93f,13,0,True,0,[],True,[],35
testA_7,testA,data\glas\Warwick_QU_Dataset\testA_7.bmp,data\glas\Warwick_QU_Dataset\testA_7_anno.bmp,775,522,RGB,775,522,L,BMP,1215270,406150,47f772dd07011c99cd48bbe5f20d12aa9414011bb40d0bf54d6dbefdd6574f75,b33a151212aac711222404132380cb919db2b9908e86ed8c3a7da57035528e49,5,0,True,0,[],True,[],35
testA_8,testA,data\glas\Warwick_QU_Dataset\testA_8.bmp,data\glas\Warwick_QU_Dataset\testA_8_anno.bmp,775,522,RGB,775,522,L,BMP,1215270,406150,3aa42e276a349e8b86be91f1f86d19e2c8cf7b86bfa31ca1c7abf03bd709f6bf,6bfa3270db0bcd3b401c22bda86d23a982a6decc32f8b36d7ca2ecf423838ce0,11,1,True,0,[],True,[],35
testA_9,testA,data\glas\Warwick_QU_Dataset\testA_9.bmp,data\glas\Warwick_QU_Dataset\testA_9_anno.bmp,775,522,RGB,775,522,L,BMP,1215270,406150,1b01c51f1cae9fdb0900cd189686e7d55d65d8509d673442b8a65f17dbae436b,0c9453c2267902eb64322dd87c65d0686378a0eeeab231bff80e1694deeffd0a,14,0,True,0,[],True,[],35
testB_1,testB,data\glas\Warwick_QU_Dataset\testB_1.bmp,data\glas\Warwick_QU_Dataset\testB_1_anno.bmp,775,522,RGB,775,522,L,BMP,1215270,406150,e03ea87ad11bd27069db66ef2dc50632d43ae51df9719eca4374fbc654565e17,ade0b1d109b023196ee23d59403da6546a2f75e82c372069d44205a70c22f5e0,3,1,True,0,[],True,[],35
testB_10,testB,data\glas\Warwick_QU_Dataset\testB_10.bmp,data\glas\Warwick_QU_Dataset\testB_10_anno.bmp,775,522,RGB,775,522,L,BMP,1215270,406150,54fe7ce7690e9ed15ed60fb5255c7df4526c51daac123cc0609151c231d4aeee,cb95bd71b66b3f04b3723d26792df35199454ce9f660ca0f1986a653f87d77a3,9,1,True,0,[],True,[],35
testB_11,testB,data\glas\Warwick_QU_Dataset\testB_11.bmp,data\glas\Warwick_QU_Dataset\testB_11_anno.bmp,775,522,RGB,775,522,L,BMP,1215270,406150,29a028bb29c5e7bbb84d9be0b7d191d436b3c29409182124ebcd5bf1b74829d8,165634a3c24d786405110a79c10fd35643e7b3c8ef8e55777553a05b58356391,1,1,True,1,['fragmented_gland_instance'],True,[],35
testB_12,testB,data\glas\Warwick_QU_Dataset\testB_12.bmp,data\glas\Warwick_QU_Dataset\testB_12_anno.bmp,775,522,RGB,775,522,L,BMP,1215270,406150,2538579d70d72c4b603cc5c31467f9ceb88e785be29cbcc33bb5d0fa49f243df,016c423dbb06c6c38934037f509317c77dbc3501b0c841d974fb66d7a871ccde,6,1,True,0,[],True,[],35
testB_13,testB,data\glas\Warwick_QU_Dataset\testB_13.bmp,data\glas\Warwick_QU_Dataset\testB_13_anno.bmp,775,522,RGB,775,522,L,BMP,1215270,406150,7cd1d84742a1564b8f79d5ee5db5502cb85faf4fadc3f95cf6639f72cb6102b4,4da268dfae4ae5555071f5db81bfb8a14a6a4558e88f0b75b3fc0672446d4218,8,1,True,0,[],True,[],35
testB_14,testB,data\glas\Warwick_QU_Dataset\testB_14.bmp,data\glas\Warwick_QU_Dataset\testB_14_anno.bmp,775,522,RGB,775,522,L,BMP,1215270,406150,3a115b4d9f53203258a4c7cf91a990796280af4a1dd09af1ec7b97864e2d83ff,ea9c3e61bc335b6429e47154482af80bbe75ccd268a55cc4a7e9179ea27adaf8,2,1,True,0,[],True,[],35
testB_15,testB,data\glas\Warwick_QU_Dataset\testB_15.bmp,data\glas\Warwick_QU_Dataset\testB_15_anno.bmp,775,522,RGB,775,522,L,BMP,1215270,406150,f1b0f01aaefaeb1508ba9d9ea4c506e81d979ecdc1b20fed9559dcbc03b089c2,5473554206201d2b4734df518e2ae78ecb3b81be122a3131c480cec52e04ebbc,7,1,True,0,[],True,[],35
testB_16,testB,data\glas\Warwick_QU_Dataset\testB_16.bmp,data\glas\Warwick_QU_Dataset\testB_16_anno.bmp,775,522,RGB,775,522,L,BMP,1215270,406150,021cc077dec82b5a2ed51b70c3497112306110206543884eeda6122254ce80d3,af0fcdf5052b9b0439b2b07699133244b1b573ff63b1a314ca86b0fb680ba3ed,7,1,True,0,[],True,[],35
testB_17,testB,data\glas\Warwick_QU_Dataset\testB_17.bmp,data\glas\Warwick_QU_Dataset\testB_17_anno.bmp,775,522,RGB,775,522,L,BMP,1215270,406150,d056bc23ea44f5e1842d4b06f16eedfb5d4ed5c532e6c4bd1569dcb845bd2447,e42751b48f3936b6de897e1b821c210cf3791a5c6b782fa0ca760f1e55447d6a,3,0,True,0,[],True,[],35
testB_18,testB,data\glas\Warwick_QU_Dataset\testB_18.bmp,data\glas\Warwick_QU_Dataset\testB_18_anno.bmp,775,522,RGB,775,522,L,BMP,1215270,406150,d7eb6b1849515a40c8c98b8ae24d6c9370a31435b2731c23f0898a950c306a0f,7c7dd10f7c215fcec8456c20ebdfccaef0e83ea3eddac03fe3b01a44568c05c1,1,1,True,1,['fragmented_gland_instance'],True,[],35
testB_19,testB,data\glas\Warwick_QU_Dataset\testB_19.bmp,data\glas\Warwick_QU_Dataset\testB_19_anno.bmp,775,522,RGB,775,522,L,BMP,1215270,406150,48135b340f7cc06b25d8ed2694c62f9158677f5138505353915b2746f64c3c0a,aa1d01b956d5393d09103bac9221b9f015f11ff2a30c50fa97d5bacf90bdc5f4,1,1,True,1,['fragmented_gland_instance'],True,[],35
testB_2,testB,data\glas\Warwick_QU_Dataset\testB_2.bmp,data\glas\Warwick_QU_Dataset\testB_2_anno.bmp,775,522,RGB,775,522,L,BMP,1215270,406150,792ac8dbb4dd70b676390b80c58bcf4396d62f9d51c9890910563f4189cfb964,5eee8622a94a4cae7a0b84bd253b21c8da5f873375638492eb823de5ed67a83c,7,1,True,0,[],True,[],35
testB_20,testB,data\glas\Warwick_QU_Dataset\testB_20.bmp,data\glas\Warwick_QU_Dataset\testB_20_anno.bmp,775,522,RGB,775,522,L,BMP,1215270,406150,3c8fbb69e4ffc86ad1c0e0db950d36899e08bf2123bed5132baf3682ba16a915,48664eb2c260c0cd0d46adf1ecb3e220ec70d38efca720776c5ca76ae03c3df3,6,1,True,0,[],True,[],35
testB_3,testB,data\glas\Warwick_QU_Dataset\testB_3.bmp,data\glas\Warwick_QU_Dataset\testB_3_anno.bmp,775,522,RGB,775,522,L,BMP,1215270,406150,c02e56507b6fdff1bc34d410e996af04649d3762ad109b028a5b5cc3f28a70e1,91d7598c21fb97ee1b6c55a143fa24bac9b13cbd62a8a813f81ae0026beb6cf1,1,1,True,1,['fragmented_gland_instance'],True,[],35
testB_4,testB,data\glas\Warwick_QU_Dataset\testB_4.bmp,data\glas\Warwick_QU_Dataset\testB_4_anno.bmp,775,522,RGB,775,522,L,BMP,1215270,406150,fb271f4dfb4b185ec30c5a1a688892ee8ecb423285c0ad460dda15fdba2b80a4,8e34256d276e075aff2f1f0c6c21a3c455db91fb9bdeb4e71342de6c985d53bc,4,0,True,0,[],True,[],35
testB_5,testB,data\glas\Warwick_QU_Dataset\testB_5.bmp,data\glas\Warwick_QU_Dataset\testB_5_anno.bmp,775,522,RGB,775,522,L,BMP,1215270,406150,e670e0efc58bc6398bbd9e8946f940f905dcaf68181ce4961e3838e685075d40,7d860ac942358fb6648db45c7d157239252f917107edcd546ee284215793047e,6,0,True,0,[],True,[],35
testB_6,testB,data\glas\Warwick_QU_Dataset\testB_6.bmp,data\glas\Warwick_QU_Dataset\testB_6_anno.bmp,775,522,RGB,775,522,L,BMP,1215270,406150,061eb60fa1c276420c50f506b6d3fb06b4539abf3cb340be0929d1a4638f3403,bd2ce02d0e112c3c76e6b3c1ce2e7c616a73e17dfa5d7b348b1c8ce25b3081a2,3,1,True,0,[],True,[],35
testB_7,testB,data\glas\Warwick_QU_Dataset\testB_7.bmp,data\glas\Warwick_QU_Dataset\testB_7_anno.bmp,775,522,RGB,775,522,L,BMP,1215270,406150,027ae3b7f7da876bb7b2fd7a5f8a5256565787d5975ae053338e51ed7de9c920,8333f784063e95ffabeb59411db38d67b2f8974749e4e70c8dec3d221775dadd,5,0,True,0,[],True,[],35
testB_8,testB,data\glas\Warwick_QU_Dataset\testB_8.bmp,data\glas\Warwick_QU_Dataset\testB_8_anno.bmp,775,522,RGB,775,522,L,BMP,1215270,406150,589fbf8820232e669220cb3900ee4de117a6ef0c3c151fa0607a7bb2be77f357,52a63e9ed53e49497932ad0ca2cef198666de10e9120142fe71d4c86205a6e69,6,1,True,0,[],True,[],35
testB_9,testB,data\glas\Warwick_QU_Dataset\testB_9.bmp,data\glas\Warwick_QU_Dataset\testB_9_anno.bmp,775,522,RGB,775,522,L,BMP,1215270,406150,be9a0a12458e68ea1176a40ac87481a103c099afd6b46245f4363ce4546fa8d4,c774b266df57a9fef9ca893088a254dfe651db65e29cba7258aea44a225372e6,9,1,True,0,[],True,[],35
train_1,train,data\glas\Warwick_QU_Dataset\train_1.bmp,data\glas\Warwick_QU_Dataset\train_1_anno.bmp,775,522,RGB,775,522,L,BMP,1215270,406150,9037841f22240cd9fdff2cb2a6c6c8f40c63ea6c83b098163ab31c1ca01f96ca,b294faf7ecfb915c0f85ae7425ef86d6ab244d1b6390d8e4882a2d3384a48e36,7,1,True,0,[],True,[],35
train_10,train,data\glas\Warwick_QU_Dataset\train_10.bmp,data\glas\Warwick_QU_Dataset\train_10_anno.bmp,775,522,RGB,775,522,L,BMP,1215270,406150,fb0ce381950046026cd322808e08b1b3e90be85dd9b580bc5fa5ae91c8b94e6b,4f28cbf3df346dd7ecedde92077d719ccfd7b9b7c919b7c36882feefadf15897,6,1,True,0,[],True,[],35
train_11,train,data\glas\Warwick_QU_Dataset\train_11.bmp,data\glas\Warwick_QU_Dataset\train_11_anno.bmp,775,522,RGB,775,522,L,BMP,1215270,406150,1095b4d15237c27085bd0ba550fa37280253806a904446ddd2000125a3c8b771,70f37550ddccbc363c01b999bf18a0f57769f9be0885b18981402faf80d36869,2,1,True,0,[],True,[],35
train_12,train,data\glas\Warwick_QU_Dataset\train_12.bmp,data\glas\Warwick_QU_Dataset\train_12_anno.bmp,574,433,RGB,574,433,L,BMP,746546,250486,a0d505c66ab44c5a008eca7e99dc6923baed3ca0a768d07bd2049670060251e8,fb62024e90b0d96fe6353b65a6988655f822ef54de3269b6d49ea59e3b235d70,16,0,True,0,[],True,[],20
train_13,train,data\glas\Warwick_QU_Dataset\train_13.bmp,data\glas\Warwick_QU_Dataset\train_13_anno.bmp,775,522,RGB,775,522,L,BMP,1215270,406150,1494506b28edb75e42ebb0370dbbf42d1f6fc904e9f5b33d6f0fb4e17bf0b65f,8c901cd753531d5de6b80493656180b40d0b1d98080430077e2031597b12b10d,16,1,True,0,[],True,[],35
train_14,train,data\glas\Warwick_QU_Dataset\train_14.bmp,data\glas\Warwick_QU_Dataset\train_14_anno.bmp,775,522,RGB,775,522,L,BMP,1215270,406150,52bed3582a5cb1f2d165dd3eeae333fd3cb276fe3a8cb698f7df585b906a4f59,f97b59782576f52374c1f2c0b213070facd3afce15e865dd7cabedd64c1bb36b,1,1,True,0,[],True,[],35
train_15,train,data\glas\Warwick_QU_Dataset\train_15.bmp,data\glas\Warwick_QU_Dataset\train_15_anno.bmp,775,522,RGB,775,522,L,BMP,1215270,406150,acb91e1de1d84a84ce4c811d2b5aeafb92088608dc89ab3970787c930865691d,477d8196a984652034166f6b126ffabe89b8d01a21ef469da8b4c04a7e94efc3,4,0,True,0,[],True,[],35
train_16,train,data\glas\Warwick_QU_Dataset\train_16.bmp,data\glas\Warwick_QU_Dataset\train_16_anno.bmp,775,522,RGB,775,522,L,BMP,1215270,406150,3e01034532d67d3f0f4533fa22c47b864788180038c701c3690ae5173d01557c,443a933530884d25b70eca74d8e030b98ba49d87da8b063fa84e8a7f6aa5f186,6,1,True,0,[],True,[],35
train_17,train,data\glas\Warwick_QU_Dataset\train_17.bmp,data\glas\Warwick_QU_Dataset\train_17_anno.bmp,775,522,RGB,775,522,L,BMP,1215270,406150,315b0c2b711cab9201050bab170eb84738f6a7dfa82b803aa097c1948d020c14,100b3f99b0eb16f2bfd05f05914b7dea68cd17a89246b211002a68ebeafcd2f1,12,1,True,0,[],True,[],35
train_18,train,data\glas\Warwick_QU_Dataset\train_18.bmp,data\glas\Warwick_QU_Dataset\train_18_anno.bmp,775,522,RGB,775,522,L,BMP,1215270,406150,0200a4f8b9f1802e9a722f69ca90732ed61ddf8559e21d7fed86ea86e78a1093,da3eafe070fe22fcbee2dff95fc660f628ba963ec7df85170a71eddeb56013fa,8,1,True,0,[],True,[],35
train_19,train,data\glas\Warwick_QU_Dataset\train_19.bmp,data\glas\Warwick_QU_Dataset\train_19_anno.bmp,775,522,RGB,775,522,L,BMP,1215270,406150,f46bc1db1be05beb33caf70f5fa260a51fb6dc5a521f9f472365a4b127bfc85f,30a603e21724316738babd0f7c1b13e510b12312157b4d3d84d7453779a759f6,9,1,True,0,[],True,[],35
train_2,train,data\glas\Warwick_QU_Dataset\train_2.bmp,data\glas\Warwick_QU_Dataset\train_2_anno.bmp,775,522,RGB,775,522,L,BMP,1215270,406150,ab687e03a59b6095130773c6cf8777a52dc1534571e6c38ca81d51276eb3c30e,059516df2117e0c5d3c46795347db03610f298d24c44adad920cfc84b5eb8b0d,5,0,True,0,[],True,[],35
train_20,train,data\glas\Warwick_QU_Dataset\train_20.bmp,data\glas\Warwick_QU_Dataset\train_20_anno.bmp,775,522,RGB,775,522,L,BMP,1215270,406150,1e4376e2d55ffd4887c2b70e629d07ed8dacef181a94a226e5a06b3b0fa162e4,28429b8b8ca3e3db13353a963d6007f927d98610a686e32c947d6c25416f2ab4,16,0,True,0,[],True,[],35
train_21,train,data\glas\Warwick_QU_Dataset\train_21.bmp,data\glas\Warwick_QU_Dataset\train_21_anno.bmp,775,522,RGB,775,522,L,BMP,1215270,406150,ffcda44467f34677fc226627d900f54886fa8a14e80c5cd4d4d1b49eb47c26c5,57be69143894d49d94d17f75801e5e856202141e358caa0cd0cbc34dbdce79c6,5,0,True,0,[],True,[],35
train_22,train,data\glas\Warwick_QU_Dataset\train_22.bmp,data\glas\Warwick_QU_Dataset\train_22_anno.bmp,775,522,RGB,775,522,L,BMP,1215270,406150,1df25ab6ef18dfe0450a523a7fc3bacdbaa791aa888e65b293cfa79ef12f4e02,6cc10297e00a4d0d825a13120316ae238a1e1007a99fbda27949b2499886e343,28,0,True,0,[],True,[],35
train_23,train,data\glas\Warwick_QU_Dataset\train_23.bmp,data\glas\Warwick_QU_Dataset\train_23_anno.bmp,775,522,RGB,775,522,L,BMP,1215270,406150,54457d9d2a1ef73754e2ce4c227cdef7e7a53180407ef33d04c06e7ec20531df,56dc2bed3e4cbfd11eb5d7044aa7ead4db3b7dd1a63c1939c3a0401269ef1dba,5,1,True,0,[],True,[],35
train_24,train,data\glas\Warwick_QU_Dataset\train_24.bmp,data\glas\Warwick_QU_Dataset\train_24_anno.bmp,775,522,RGB,775,522,L,BMP,1215270,406150,93842fb592295c834077dede6d049a267cccaa85eecc01340418caa776eafe11,fdac6955a724027e5a2af3106ef74e946907a8c13413d671bd7761c894626786,4,1,True,0,[],True,[],35
train_25,train,data\glas\Warwick_QU_Dataset\train_25.bmp,data\glas\Warwick_QU_Dataset\train_25_anno.bmp,775,522,RGB,775,522,L,BMP,1215270,406150,7b529abd7427c2e7678865d3930c31ef011eb4e3c17cf3223df297d9e79cbbc1,8b8138840bebc1101f23fb3338fc00d6793271406284065fdb6501894bd32d44,20,0,True,0,[],True,[],35
train_26,train,data\glas\Warwick_QU_Dataset\train_26.bmp,data\glas\Warwick_QU_Dataset\train_26_anno.bmp,775,522,RGB,775,522,L,BMP,1215270,406150,a4ab78ba912c1c3fd0b8ecb10ac608fa530fdfaddfc0e4eb38bc4d6a50efbaf0,24e817033d9af6a3f8b339b7e923b15fc1db2f361dcc09f45c9759cd37898de6,2,1,True,0,[],True,[],35
train_27,train,data\glas\Warwick_QU_Dataset\train_27.bmp,data\glas\Warwick_QU_Dataset\train_27_anno.bmp,775,522,RGB,775,522,L,BMP,1215270,406150,1b0b6ab2903b7045da37c3febf6610c62b518fba145e998da2d8a337b854fcc5,880b5aedb29b90ff96875363559bd0bc74e9a17ecffbfc61314361ce98581fef,8,1,True,0,[],True,[],35
train_28,train,data\glas\Warwick_QU_Dataset\train_28.bmp,data\glas\Warwick_QU_Dataset\train_28_anno.bmp,775,522,RGB,775,522,L,BMP,1215270,406150,f663011969bcbddb55e4f5d090be13197e4b3d74a44e2c2547aa29196e8de164,255d5f7513c42ab91019bbb1032cb0718cd33e5293eed83b836333c8a3b6e5fd,6,1,True,0,[],True,[],35
train_29,train,data\glas\Warwick_QU_Dataset\train_29.bmp,data\glas\Warwick_QU_Dataset\train_29_anno.bmp,775,522,RGB,775,522,L,BMP,1215270,406150,a5ce41983d0c663ab88d2b352940a0905c80eef47a45da3f858303a292f45d77,9096af9785728b67402c08ea09b94994f514c3480ca9c0150d4aa18811a2eb8c,5,1,True,0,[],True,[],35
train_3,train,data\glas\Warwick_QU_Dataset\train_3.bmp,data\glas\Warwick_QU_Dataset\train_3_anno.bmp,775,522,RGB,775,522,L,BMP,1215270,406150,fe0942fe893ac48c7b35fc0f675c6eda6b8a9ac2d163d0240f1af5fe82ff13ae,341548313507984f0cc6af599732ffe31a28850626a18a9ca91c605a002fd57e,19,1,True,0,[],True,[],35
train_30,train,data\glas\Warwick_QU_Dataset\train_30.bmp,data\glas\Warwick_QU_Dataset\train_30_anno.bmp,775,522,RGB,775,522,L,BMP,1215270,406150,077ad78adef9f231bfb8df099d2d32631bbd6a6dd34d2a4ec4e7a0366764993c,f1fdee6770d1287f33bbc318d634c985b2dacd97af99deb7ace67b5ff65c8c36,4,0,True,0,[],True,[],35
train_31,train,data\glas\Warwick_QU_Dataset\train_31.bmp,data\glas\Warwick_QU_Dataset\train_31_anno.bmp,775,522,RGB,775,522,L,BMP,1215270,406150,c09778d4ec78793d32b7daffd7c8e4cd6faaf22aa5c119c8de41721623e6caf9,8d5a2633f16e7c54d1657a1e108cd323730e8734d8fa8c22f2bb6582eb5509c5,8,1,True,0,[],True,[],35
train_32,train,data\glas\Warwick_QU_Dataset\train_32.bmp,data\glas\Warwick_QU_Dataset\train_32_anno.bmp,775,522,RGB,775,522,L,BMP,1215270,406150,a2010ee0c6c2aaa90acc41dc6ded9848b74af3ecf920c5e76d7404db968808d1,305818f7b0c3bcadad562837eb7b1a5f8001fa12375289c65fc4a46e9c9eac74,6,0,True,0,[],True,[],35
train_33,train,data\glas\Warwick_QU_Dataset\train_33.bmp,data\glas\Warwick_QU_Dataset\train_33_anno.bmp,775,522,RGB,775,522,L,BMP,1215270,406150,5df602bee51a51dd19b33ea6998b6e54ef132166abc155c3fafa5cbbf3858f63,c8e1741872802a6d22ab3fa593813404e8172be92672957c26b29c415800eb8a,30,0,True,0,[],True,[],35
train_34,train,data\glas\Warwick_QU_Dataset\train_34.bmp,data\glas\Warwick_QU_Dataset\train_34_anno.bmp,775,522,RGB,775,522,L,BMP,1215270,406150,34f939b46ceb357b004ca2c5d060b3f6534a70b7d070e1765781aceb05e2c828,357dc0298186235c573e9f84814befd1f527d6b753f0b2ca02ba45592503d0aa,6,0,True,0,[],True,[],35
train_35,train,data\glas\Warwick_QU_Dataset\train_35.bmp,data\glas\Warwick_QU_Dataset\train_35_anno.bmp,775,522,RGB,775,522,L,BMP,1215270,406150,996735af3b5d409b40b409a096b0e841f9408dda5c37135e23937f470e36b552,81db3e3d25f2802873a3617b962576880e67cbb971cebaa2cb33b952587c4745,5,1,True,0,[],True,[],35
train_36,train,data\glas\Warwick_QU_Dataset\train_36.bmp,data\glas\Warwick_QU_Dataset\train_36_anno.bmp,589,453,RGB,589,453,L,BMP,800958,269254,38a4404aee2602978ccfd26889e381c7997535d959c461d488ecf13304c9cdf2,2281c0c0cb392acb52fc043cf4ee4291c9b9773118b2179fa87ae5d642cb8868,2,1,True,0,[],True,[],20
train_37,train,data\glas\Warwick_QU_Dataset\train_37.bmp,data\glas\Warwick_QU_Dataset\train_37_anno.bmp,775,522,RGB,775,522,L,BMP,1215270,406150,102e610bb3e16eca91350fc76bfb6dd2d5effb6e0deeca87136cb15a424dc504,405e21bb6abf609d5d26d0802083edb035f17347547b31c0a2acd08887fc09c2,12,1,True,0,[],True,[],35
train_38,train,data\glas\Warwick_QU_Dataset\train_38.bmp,data\glas\Warwick_QU_Dataset\train_38_anno.bmp,775,522,RGB,775,522,L,BMP,1215270,406150,deabb8c47f757e7999bcc8d3a3540a171612df20fa4822e9b3173faa11b23be2,b635259b226585261d8a8ea454f9c7bbcd328fbc87014815f7de0b43538e221d,7,0,True,0,[],True,[],35
train_39,train,data\glas\Warwick_QU_Dataset\train_39.bmp,data\glas\Warwick_QU_Dataset\train_39_anno.bmp,775,522,RGB,775,522,L,BMP,1215270,406150,6f6a35271a38ef094f8b5497f529f2483d7d6bc89bded0b53026b350ed739381,8b3b94e73a989f7be3454b384e800602409a3317dc58b0cffd0238513f22d3e9,10,1,True,0,[],True,[],35
train_4,train,data\glas\Warwick_QU_Dataset\train_4.bmp,data\glas\Warwick_QU_Dataset\train_4_anno.bmp,775,522,RGB,775,522,L,BMP,1215270,406150,66ad86649a9220419534ea691a769514f1c1c8146b97b5c090541638a93ad081,df7339dedbf679cc794b2924f791d6ce6a1ac1be55edb43c3a487c406073b1e2,6,0,True,0,[],True,[],35
train_40,train,data\glas\Warwick_QU_Dataset\train_40.bmp,data\glas\Warwick_QU_Dataset\train_40_anno.bmp,775,522,RGB,775,522,L,BMP,1215270,406150,b93b5acb189e746d4f4252eba6465f7bd6ff3133a9321495fcab3dfee90aa6b4,e998cdb1919b3d2449ebf3d9d4f2e107c446960b3e7b62890189956dd243e688,2,1,True,0,[],True,[],35
train_41,train,data\glas\Warwick_QU_Dataset\train_41.bmp,data\glas\Warwick_QU_Dataset\train_41_anno.bmp,567,430,RGB,567,430,L,BMP,732774,245318,08907b6918cf8e9e7b13fb118728b75d28d6499c44eb96e3e6f28a880a30cb3d,9ce5d09db55a4d32c97bb80ee762576e60269bbc1f768b0a2ede74427e12aa55,8,1,True,0,[],True,[],20
train_42,train,data\glas\Warwick_QU_Dataset\train_42.bmp,data\glas\Warwick_QU_Dataset\train_42_anno.bmp,775,522,RGB,775,522,L,BMP,1215270,406150,26c8073343f6fb15164a444b69b90f53d0ba507db7599c063c6e95d3b6d985db,7ef62efbc5f4de4320a9f7cbaa7710af4a505e2ce044c6db482939b943cee688,6,1,True,0,[],True,[],35
train_43,train,data\glas\Warwick_QU_Dataset\train_43.bmp,data\glas\Warwick_QU_Dataset\train_43_anno.bmp,775,522,RGB,775,522,L,BMP,1215270,406150,c8be2741b0e2ad1caf6c90a2002b295727183226deef578764123ca744923290,2d6de7ff0f5a663efe8040eabb98a9c3e46d1f001a7dc6e473bb8c6fe9f71fd0,8,1,True,0,[],True,[],35
train_44,train,data\glas\Warwick_QU_Dataset\train_44.bmp,data\glas\Warwick_QU_Dataset\train_44_anno.bmp,775,522,RGB,775,522,L,BMP,1215270,406150,fac660da3b50b5a8316d3866a5df6a3de11e5cf028218407abbb9089da1ce9d6,7e534ccbc765de43cafc51d12d67ede45921306f95e95bc6dbf36f7f2121b1ba,5,1,True,0,[],True,[],35
train_45,train,data\glas\Warwick_QU_Dataset\train_45.bmp,data\glas\Warwick_QU_Dataset\train_45_anno.bmp,775,522,RGB,775,522,L,BMP,1215270,406150,50cf77b52efc4c52fd30ee13ce3ea385b9665f86abaefa32bbc5b6704a2ea83f,7765790224a77e8174b9e64b9b98ced6750f77ab5501ae09bacd03f9222d6fac,11,0,True,0,[],True,[],35
train_46,train,data\glas\Warwick_QU_Dataset\train_46.bmp,data\glas\Warwick_QU_Dataset\train_46_anno.bmp,775,522,RGB,775,522,L,BMP,1215270,406150,221545ceb9f111b15536a427ec8fd5152c098a47d1bcb43324b0ed17c277c486,e7832871b3e492a44b5a04b8a763a145d31d73183ceb7b803cbe05191bd054a8,14,0,True,0,[],True,[],35
train_47,train,data\glas\Warwick_QU_Dataset\train_47.bmp,data\glas\Warwick_QU_Dataset\train_47_anno.bmp,775,522,RGB,775,522,L,BMP,1215270,406150,0a03abba8162eeb20d42800fae79f6cb19990172a7b0bd9bd8b90dc10cadd42c,f61098290f894ed43ecdcb1b10f5d29430502d7b1e866e7413559e17a1a80593,3,0,True,0,[],True,[],35
train_48,train,data\glas\Warwick_QU_Dataset\train_48.bmp,data\glas\Warwick_QU_Dataset\train_48_anno.bmp,775,522,RGB,775,522,L,BMP,1215270,406150,c613664cd22700b53da4b92726922a09f1d29bcc5b3af178355ba3d371662348,cd8e1337757c94d740c6671c8ca11f47d1022b7904ed60db7ef1e0c4f3b28844,4,1,True,0,[],True,[],35
train_49,train,data\glas\Warwick_QU_Dataset\train_49.bmp,data\glas\Warwick_QU_Dataset\train_49_anno.bmp,775,522,RGB,775,522,L,BMP,1215270,406150,3424d35d8376ad7a5098a4a975f18c4db4dff275762edf52a47e879b24e6b820,e2e3b507056c7cf641073af43b92acd08d5d86b6fbb4ad18fa30a53a2976461e,5,1,True,0,[],True,[],35
train_5,train,data\glas\Warwick_QU_Dataset\train_5.bmp,data\glas\Warwick_QU_Dataset\train_5_anno.bmp,775,522,RGB,775,522,L,BMP,1215270,406150,97cb594b7982553d2f2451f9d862168c8b4a0a988ea7a6f7844a9a82d6c0492e,2244ad9c08668d7630af5a9897dbdd1857aa991a105bfd6e0691eb754097042a,9,1,True,0,[],True,[],35
train_50,train,data\glas\Warwick_QU_Dataset\train_50.bmp,data\glas\Warwick_QU_Dataset\train_50_anno.bmp,589,453,RGB,589,453,L,BMP,800958,269254,80360662a21ca1bca506fc8c6d0ec328420da2be33117929bbe0eaed6435aca7,fc1b2b002107f8cc7fd93ea3e13dc75ec87977167efe3b27667ba315c23f02a6,4,1,True,0,[],True,[],20
train_51,train,data\glas\Warwick_QU_Dataset\train_51.bmp,data\glas\Warwick_QU_Dataset\train_51_anno.bmp,775,522,RGB,775,522,L,BMP,1215270,406150,43bd374546607e0b04f231f0e86c2189226c4c982b640b8b7eb8903a9c9672f2,0a54bc532fe9e9f3673379970996dfba0cf809ff7d9f53977e88cf6aa4afbc81,26,0,True,0,[],True,[],35
train_52,train,data\glas\Warwick_QU_Dataset\train_52.bmp,data\glas\Warwick_QU_Dataset\train_52_anno.bmp,775,522,RGB,775,522,L,BMP,1215270,406150,8448bf538cb382fab7c4368d311285f4ad0211033ffe79d82eafd1b7dc366c84,403f368fe6402bb2ec7a803fc8febdb2b8b4d13025059507c236035e69074c25,5,0,True,0,[],True,[],35
train_53,train,data\glas\Warwick_QU_Dataset\train_53.bmp,data\glas\Warwick_QU_Dataset\train_53_anno.bmp,775,522,RGB,775,522,L,BMP,1215270,406150,72597d4d6b638bc251901a18fdb8596d25ecfbb9eb7d1820604243c6d958bf49,13f7834b95108513b827d50d859d7cf11120166c63ac6b2fc40e8760a987be92,19,0,True,0,[],True,[],35
train_54,train,data\glas\Warwick_QU_Dataset\train_54.bmp,data\glas\Warwick_QU_Dataset\train_54_anno.bmp,775,522,RGB,775,522,L,BMP,1215270,406150,0e2e84fba4a418dc48b4890c959f0575b38d0d554423186c05efae9e5e4e5ab6,33a1a641404864a211f6500f39b38f5430299e353ffcbb9bcffa968734702e58,10,1,True,0,[],True,[],35
train_55,train,data\glas\Warwick_QU_Dataset\train_55.bmp,data\glas\Warwick_QU_Dataset\train_55_anno.bmp,775,522,RGB,775,522,L,BMP,1215270,406150,910c279b7a5d29e81381a1d10da1550dd1ca3b91c344326c232fa70bd9c09f8d,dd5051149c919d6902489340453d4c4976a5e967f9624812ee8d97cd2a2c505e,5,0,True,0,[],True,[],35
train_56,train,data\glas\Warwick_QU_Dataset\train_56.bmp,data\glas\Warwick_QU_Dataset\train_56_anno.bmp,775,522,RGB,775,522,L,BMP,1215270,406150,ce495c0d0718ccebfd3216526d2067bae2803d08e8de6d6e08ea8158ca198b53,706f2bc8c3cb8d389214aecebec0417b26aa9e12b72aaa4f549496cc7cc370da,5,0,True,0,[],True,[],35
train_57,train,data\glas\Warwick_QU_Dataset\train_57.bmp,data\glas\Warwick_QU_Dataset\train_57_anno.bmp,775,522,RGB,775,522,L,BMP,1215270,406150,e8df343e1b2998b3b9833d37f8cb384090afd49632c85f48d724bd786aa4df8f,1ce2e5d680eb4b63122d7709c9d7acf07e3af434e1905ccfa8dff7abb792705c,4,1,True,0,[],True,[],35
train_58,train,data\glas\Warwick_QU_Dataset\train_58.bmp,data\glas\Warwick_QU_Dataset\train_58_anno.bmp,775,522,RGB,775,522,L,BMP,1215270,406150,72aac06a267a87cf4a3686d58e5bf80327b4dbeb2db1072df432454713941344,cdad8af4516133ba4d150a0711d3b798bc85cd0a78c72383f8a03ed53a6a944a,10,1,True,0,[],True,[],35
train_59,train,data\glas\Warwick_QU_Dataset\train_59.bmp,data\glas\Warwick_QU_Dataset\train_59_anno.bmp,775,522,RGB,775,522,L,BMP,1215270,406150,77224e596cbe211f16e1c94df8ff7f870fb759d14182561d2196fc86483ce0ee,4871f0a2407014718a9e46c426114c76f98dbd0331673a0f2ba1066dc9ae2209,16,0,True,0,[],True,[],35
train_6,train,data\glas\Warwick_QU_Dataset\train_6.bmp,data\glas\Warwick_QU_Dataset\train_6_anno.bmp,775,522,RGB,775,522,L,BMP,1215270,406150,f8779d09d47eac09e6fe95baf11de697b1c660d8dcf6a2c529423579e625ce98,3d8460ff0b8c87582cf19fb1a1735ef15890b147e2ec2665ddfea4cf8eaf53e8,5,0,True,0,[],True,[],35
train_60,train,data\glas\Warwick_QU_Dataset\train_60.bmp,data\glas\Warwick_QU_Dataset\train_60_anno.bmp,775,522,RGB,775,522,L,BMP,1215270,406150,cc6455c01b2a16985304aa5d4a426014a4365145ce3148569d46344c7dee9b65,095736487b2ffee22f2bfbc178adca21cb846837dac2c0e0ddf64c24aa7fe1f6,9,1,True,0,[],True,[],35
train_61,train,data\glas\Warwick_QU_Dataset\train_61.bmp,data\glas\Warwick_QU_Dataset\train_61_anno.bmp,775,522,RGB,775,522,L,BMP,1215270,406150,ad49a4e86df191798165568dae0563cd696db65460debea5ea1f928fe4f5bbbd,1c720fff51bcddc23d39264ebd19cac40b9be5c3499081cabe3bcbdfcdafb4dd,12,0,True,0,[],True,[],35
train_62,train,data\glas\Warwick_QU_Dataset\train_62.bmp,data\glas\Warwick_QU_Dataset\train_62_anno.bmp,775,522,RGB,775,522,L,BMP,1215270,406150,b6b794569483d92a18a1123aa737d594c6483ef2739d45df15705b3a5b5d0087,5aee1d6bbcd1676ee080bf330df8fce167ed1477f002832bb10989aee88d7f9c,8,0,True,0,[],True,[],35
train_63,train,data\glas\Warwick_QU_Dataset\train_63.bmp,data\glas\Warwick_QU_Dataset\train_63_anno.bmp,775,522,RGB,775,522,L,BMP,1215270,406150,a5f9052bddc447f227dbd6f577a8b2905d066911cae6d7957be8624e372909e3,74ce56cebd1e2d573bc9691e3ee29820748276c689652c678a232b1ffad4ea9d,15,0,True,0,[],True,[],35
train_64,train,data\glas\Warwick_QU_Dataset\train_64.bmp,data\glas\Warwick_QU_Dataset\train_64_anno.bmp,775,522,RGB,775,522,L,BMP,1215270,406150,9e095b8ca824db3e7a60fab8d5b8e3ad252e3dfb7d5f31c44e9fdac87b295a6f,04fd87a20a5afbf9430722606e3405e650fbaad6f84980886296f22283143594,1,0,True,0,[],True,[],35
train_65,train,data\glas\Warwick_QU_Dataset\train_65.bmp,data\glas\Warwick_QU_Dataset\train_65_anno.bmp,775,522,RGB,775,522,L,BMP,1215270,406150,b53f359a443c8dfb942d7a08f547eb6b773113b3c2750f437d6bcf28772bbd65,22eadfce495a3dc1e82085ccbf2aab34391760fd5df111b939a4c4cbba8effc5,4,0,True,0,[],True,[],35
train_66,train,data\glas\Warwick_QU_Dataset\train_66.bmp,data\glas\Warwick_QU_Dataset\train_66_anno.bmp,775,522,RGB,775,522,L,BMP,1215270,406150,74da54bcb21b98c317c770a3efcba8f36b9368441a355aecbf9d23057127b8c8,9cb944bf2b79694c51872efae35bef5bafe7a3a55ee2cc640559341e9035ef3a,5,1,True,0,[],True,[],35
train_67,train,data\glas\Warwick_QU_Dataset\train_67.bmp,data\glas\Warwick_QU_Dataset\train_67_anno.bmp,775,522,RGB,775,522,L,BMP,1215270,406150,2b415da21773e4417ea69e77a96059dd7581e4e4bcae8d61a1e14ad126e11831,3e467eeae0bd2f5a703a23c6417f00331d371056739294ab4d415f67b6da5638,3,0,True,0,[],True,[],35
train_68,train,data\glas\Warwick_QU_Dataset\train_68.bmp,data\glas\Warwick_QU_Dataset\train_68_anno.bmp,775,522,RGB,775,522,L,BMP,1215270,406150,27ed272c9d0856f107af71963568c5830d18bd659a40811879848976f4d931f1,bb1953ad777ee5517cb3a2281fc04938e048f290a05147b0eb82e892f1b20b22,11,1,True,0,[],True,[],35
train_69,train,data\glas\Warwick_QU_Dataset\train_69.bmp,data\glas\Warwick_QU_Dataset\train_69_anno.bmp,775,522,RGB,775,522,L,BMP,1215270,406150,2ebe2d7b0872833c2579cf7d8e15db6af010e081e29cf77606aa8b57628fa3ff,9d927e72bb32b24666302ae7dd296520e1a6241c3b9b496eba23d41bb6b0164f,24,0,True,0,[],True,[],35
train_7,train,data\glas\Warwick_QU_Dataset\train_7.bmp,data\glas\Warwick_QU_Dataset\train_7_anno.bmp,589,453,RGB,589,453,L,BMP,800958,269254,dd0f2918bd906337d0b3b6fa97b963e5e64619ec54a8d91e023608656b25f63f,b3b712d0cebd47c0cd6af7db42107c01c1a110c9abdcc18ad7c39be775aa2844,4,1,True,0,[],True,[],20
train_70,train,data\glas\Warwick_QU_Dataset\train_70.bmp,data\glas\Warwick_QU_Dataset\train_70_anno.bmp,775,522,RGB,775,522,L,BMP,1215270,406150,d5eb89bd42ea9c247647426a61766cca580de930c426132f740ad48f403b15de,57403917fb2987d2b28917a104270b5a6edc0487762f670e9ccf85167c80b661,6,1,True,0,[],True,[],35
train_71,train,data\glas\Warwick_QU_Dataset\train_71.bmp,data\glas\Warwick_QU_Dataset\train_71_anno.bmp,775,522,RGB,775,522,L,BMP,1215270,406150,12f86c0ef498009bb98bec636d2f663b7f96d4ac544609f096562474eb2bcae8,7681dca8b3964d2dfc097f6fcb4ea9aa3029c7f02db10794c7b1a10f25e01509,8,1,True,0,[],True,[],35
train_72,train,data\glas\Warwick_QU_Dataset\train_72.bmp,data\glas\Warwick_QU_Dataset\train_72_anno.bmp,775,522,RGB,775,522,L,BMP,1215270,406150,0080a3bcdde28652ce2dded75f4d45db44b0beb1152a432b99725df6214fd73b,f4ad22942e970c43ffcd5177058279af423b904cf622fa8b505c47c7cda8ccd8,19,0,True,0,[],True,[],35
train_73,train,data\glas\Warwick_QU_Dataset\train_73.bmp,data\glas\Warwick_QU_Dataset\train_73_anno.bmp,775,522,RGB,775,522,L,BMP,1215270,406150,57b6e885b3e8ad468771d5f8ee02e73844f89fa41ded064bdd93ffe5b8b75b49,73b5322378fcec90d4a336f04ab2fe4dde6b597a7990227ac621aa1cb1e548ca,11,1,True,0,[],True,[],35
train_74,train,data\glas\Warwick_QU_Dataset\train_74.bmp,data\glas\Warwick_QU_Dataset\train_74_anno.bmp,775,522,RGB,775,522,L,BMP,1215270,406150,719d617965eb9b76522ab3d12c17ce94daa7ec060e95549cd60ff898ab54a742,d0b850e642bacfea64d51adec6e73d85090f42fffdcd88a2b0a9854e869900e1,8,1,True,0,[],True,[],35
train_75,train,data\glas\Warwick_QU_Dataset\train_75.bmp,data\glas\Warwick_QU_Dataset\train_75_anno.bmp,775,522,RGB,775,522,L,BMP,1215270,406150,b922401cc8088a3f9d52d74424882ece58b95976c222b0b4563d2af412d239ef,5b2afdc94f8ff58307132e011f84600e4fa5716b4f12703ccb68d8120dc8471a,9,1,True,0,[],True,[],35
train_76,train,data\glas\Warwick_QU_Dataset\train_76.bmp,data\glas\Warwick_QU_Dataset\train_76_anno.bmp,775,522,RGB,775,522,L,BMP,1215270,406150,742a43b3740fab1ac9dc173a304edc322c0ba029ae4bf2fad505f7ab0c6d8a3f,7b3b914d2e5639662692bb3170c06ebd7e0aba1c0d7dae9ece97e88df54fe62d,2,1,True,0,[],True,[],35
train_77,train,data\glas\Warwick_QU_Dataset\train_77.bmp,data\glas\Warwick_QU_Dataset\train_77_anno.bmp,775,522,RGB,775,522,L,BMP,1215270,406150,c01af0b61b96778014c9a652e6db6478c41b1a927bbf748e5cd28acb7a06c39f,59090068f77625292c12f5823121b604e44671a07ab253dda7457bf9b0c7f729,5,1,True,0,[],True,[],35
train_78,train,data\glas\Warwick_QU_Dataset\train_78.bmp,data\glas\Warwick_QU_Dataset\train_78_anno.bmp,775,522,RGB,775,522,L,BMP,1215270,406150,63c20f60b73b4375a4ced68990f742b82b19cb9c19a5b8f91d9d3807dac3c40c,f723e5aba8873c129f05bb515c58cae72986105de39b31d70932349afa942d07,7,1,True,0,[],True,[],35
train_79,train,data\glas\Warwick_QU_Dataset\train_79.bmp,data\glas\Warwick_QU_Dataset\train_79_anno.bmp,775,522,RGB,775,522,L,BMP,1215270,406150,b21308bdb1d4743ba60a2ef749b1f36abb2fdc7943bcd6aed9feca46ca17292a,d7d23bfd8e724ec3bf5b3bf7c94ce0571594cb861ae27af803e040d90afd1888,17,0,True,0,[],True,[],35
train_8,train,data\glas\Warwick_QU_Dataset\train_8.bmp,data\glas\Warwick_QU_Dataset\train_8_anno.bmp,775,522,RGB,775,522,L,BMP,1215270,406150,d446bfe0e9404603e69c75b6cd708750d2948aae0cbf131e98dc29943f0873e6,5ca1054360c496533cff71b708773acb8652fc9fe3fb00a34869ad68c74df7e2,17,0,True,0,[],True,[],35
train_80,train,data\glas\Warwick_QU_Dataset\train_80.bmp,data\glas\Warwick_QU_Dataset\train_80_anno.bmp,775,522,RGB,775,522,L,BMP,1215270,406150,076a4481ee6e6d6c11e1fd3bc688dba6a33cdc0d24842a9953b3344bdfbbba4d,4cdd6157c1ffb588085238540a577bcf2f1a44c24dd85644b29b8cb1663ea27e,7,0,True,0,[],True,[],35
train_81,train,data\glas\Warwick_QU_Dataset\train_81.bmp,data\glas\Warwick_QU_Dataset\train_81_anno.bmp,775,522,RGB,775,522,L,BMP,1215270,406150,56240171f1e348e98ca06080c76525b3346cc21b9cd0cbb9da28ddc2de988988,46ee6eca8c56f956a7d8e7d1537f99ed0f3ebaf46f1b45fe4a9ac32ad203076f,3,1,True,0,[],True,[],35
train_82,train,data\glas\Warwick_QU_Dataset\train_82.bmp,data\glas\Warwick_QU_Dataset\train_82_anno.bmp,775,522,RGB,775,522,L,BMP,1215270,406150,b60f7652cf5c382ffe2e4c27dff5107467901488cd88a9da9506460bb7010eec,4cf362fbdc9f549374681640ae871f64593286d2443bfad16876c48cad7f202a,12,1,True,0,[],True,[],35
train_83,train,data\glas\Warwick_QU_Dataset\train_83.bmp,data\glas\Warwick_QU_Dataset\train_83_anno.bmp,775,522,RGB,775,522,L,BMP,1215270,406150,735e5ed44241c6c4712224e13bdca8f24151d67624c01cfd703bd70ddf5a261f,cadf121d4c4ac58be1d6870470384014ccc38e46c2862f731aa25a3744c2538c,7,1,True,0,[],True,[],35
train_84,train,data\glas\Warwick_QU_Dataset\train_84.bmp,data\glas\Warwick_QU_Dataset\train_84_anno.bmp,589,453,RGB,589,453,L,BMP,800958,269254,b073bd9313fe3bd5147eb47cf32184700b0126634e967690a8756a9d8f2c8b3c,4c604d747e412811a9b7a0dcc38f889030d5a0d8014cd169b18d0b4127eb3aa4,8,0,True,0,[],True,[],20
train_85,train,data\glas\Warwick_QU_Dataset\train_85.bmp,data\glas\Warwick_QU_Dataset\train_85_anno.bmp,775,522,RGB,775,522,L,BMP,1215270,406150,586e13ce9962a1cffa91e4db5b15c55bda355186065422b2e532d8f86bde1ea8,62f1bce3badac9ed13c705fb4be01cf4260ab0b153650d9237c1e0e647eec56e,14,0,True,0,[],True,[],35
train_9,train,data\glas\Warwick_QU_Dataset\train_9.bmp,data\glas\Warwick_QU_Dataset\train_9_anno.bmp,775,522,RGB,775,522,L,BMP,1215270,406150,037d5ac2b5de3bee11d00dd088db424ffed568ea3ba9acf5d8f2cb5940c84798,73ac0313aaaf990dee8b8b7cae99dcd17d8a39bae0af1e65bce3170781c8f46a,23,0,True,0,[],True,[],35
